nome,email,cpf,data_nascimento
Josué Cassiano,ncassiano@yahoo.com.br,368.856.635-75,1962-07-03
Fernanda Cardoso,vitor-hugo77@gmail.com,573.079.312-05,1979-01-15
Zoe da Paz,sousarafaela@ig.com.br,818.003.526-60,1976-10-19
Maria Helena Câmara,abreuluna@yahoo.com.br,248.920.845-78,1963-06-23
Sra. Maria Júlia Nascimento,clara61@bol.com.br,001.346.541-26,1983-10-28
Mirella Pimenta,novaislucas-gabriel@bol.com.br,130.014.309-55,1964-08-09
Pedro Miguel Peixoto,maria-eduardada-conceicao@uol.com.br,378.911.852-11,2007-01-28
Théo Alves,laura83@gmail.com,964.202.206-09,2006-03-04
Manuela Macedo,valentina15@yahoo.com.br,409.136.825-08,1986-10-28
Sr. João Pastor,davi91@uol.com.br,354.635.167-55,1974-07-05
Zoe Silva,julia46@ig.com.br,217.621.711-13,1961-09-07
Vitória Correia,ribeiroisis@uol.com.br,037.356.229-54,1966-01-05
Sr. Vitor Hugo Silveira,mendesalicia@uol.com.br,201.069.448-47,1995-10-27
Ana Clara Barbosa,vitor-hugomoreira@bol.com.br,861.130.314-97,1982-08-18
Alexia Fernandes,ada-paz@uol.com.br,703.276.236-17,1976-02-13
Agatha Farias,matteo32@gmail.com,983.466.292-45,1987-08-27
Dr. Benjamim Jesus,pnascimento@ig.com.br,776.047.847-64,1960-10-29
Emanuel Oliveira,alicia61@uol.com.br,295.980.928-94,1974-02-19
Luna Aparecida,dnunes@bol.com.br,208.709.773-07,1991-12-12
Brenda Vieira,zda-costa@ig.com.br,661.131.044-37,1989-01-29
Sr. João Miguel Teixeira,wfarias@yahoo.com.br,755.846.266-51,1997-04-07
Maya Nunes,vitoria05@hotmail.com,327.603.915-51,1971-05-09
Pedro Henrique da Mota,isabel45@uol.com.br,283.215.381-02,1983-03-06
Ayla Moura,tnunes@uol.com.br,149.669.428-85,1986-04-17
Arthur Gabriel Correia,carlos-eduardo12@gmail.com,358.563.120-98,1998-02-02
Davi Silva,rda-rosa@bol.com.br,371.022.418-55,1975-12-06
Dr. Luiz Fernando Novais,maite21@hotmail.com,552.118.630-75,1997-01-08
Bento Costa,britomaria-luiza@uol.com.br,495.030.145-46,1994-04-26
Bento da Cunha,heloisa43@uol.com.br,037.107.658-69,1975-11-27
Ana Liz Barros,almeidaarthur-gabriel@ig.com.br,086.143.817-54,1993-12-16
Sr. João Felipe Leão,gomesayla@yahoo.com.br,608.671.055-43,2004-12-21
Maria Vitória Gonçalves,zcastro@uol.com.br,352.640.729-28,1962-08-02
Isabella Ferreira,mrezende@bol.com.br,941.239.973-90,1960-09-13
Dr. Pietro Martins,bernardo69@hotmail.com,086.007.034-88,1987-11-05
Clarice Araújo,enricomarques@gmail.com,865.591.341-48,1995-10-31
Emanuella Guerra,leaomariah@gmail.com,604.425.847-73,1970-02-05
Cecilia Garcia,sgoncalves@yahoo.com.br,298.518.427-26,1967-04-08
Marcelo Rios,arthurporto@ig.com.br,376.885.378-49,1982-02-22
Gael Nascimento,ucarvalho@hotmail.com,924.634.597-84,1968-08-02
Larissa Nogueira,vitoriagarcia@hotmail.com,186.742.060-62,1961-05-04
Stella Rocha,lmartins@hotmail.com,979.811.204-71,1961-12-14
Dra. Heloisa Teixeira,melodaniel@ig.com.br,065.765.500-94,1978-11-17
Erick Nogueira,valentina65@gmail.com,803.417.744-72,1965-07-07
Manuella Mendonça,camaraarthur@uol.com.br,491.692.439-51,1982-06-20
Antonella da Cruz,luiz-felipefreitas@yahoo.com.br,876.476.500-18,1966-08-10
Kamilly Casa Grande,oliveiraana-luiza@ig.com.br,952.905.593-34,2001-10-11
Sr. Pedro da Conceição,fariaslavinia@bol.com.br,664.165.731-03,1979-02-19
Esther da Rocha,cirinoliam@ig.com.br,750.595.924-94,1974-05-14
Lavínia Garcia,silvagabriela@yahoo.com.br,929.484.171-53,1985-07-27
Theodoro Ribeiro,montenegrobernardo@hotmail.com,516.047.774-13,1985-10-17
Thomas Martins,wda-mata@yahoo.com.br,359.616.362-63,2000-01-09
Fernando Ribeiro,kevin58@bol.com.br,372.876.441-00,1970-10-27
Sra. Maria Julia da Mata,theo62@uol.com.br,691.616.266-00,2006-07-09
Dr. Breno Cardoso,nmoura@ig.com.br,814.353.207-41,1963-05-06
Bryan Almeida,lalbuquerque@uol.com.br,825.436.385-98,1967-08-08
Jade Viana,raquelteixeira@bol.com.br,806.443.885-66,1971-04-15
Francisco Pacheco,britosofia@hotmail.com,001.857.571-80,1974-01-18
Apollo Sales,jsilva@ig.com.br,726.425.352-85,1960-09-14
Paulo Moura,rodriguesluiz-henrique@gmail.com,918.767.781-30,1971-02-24
Augusto Fonseca,lorena55@hotmail.com,129.530.451-85,1971-06-07
Rafaela Porto,britomaysa@bol.com.br,450.074.994-53,1972-10-18
Srta. Eduarda Pacheco,nicole35@ig.com.br,055.336.602-95,1981-04-27
Sra. Mariane Aparecida,isabella84@uol.com.br,759.580.493-37,1991-08-31
Ágatha Araújo,souzaravi-lucca@ig.com.br,749.505.969-04,1991-03-23
Cecília Cavalcante,josealbuquerque@uol.com.br,701.093.061-91,1961-05-01
Vicente Campos,fariasdavi-lucas@ig.com.br,430.346.290-10,1961-08-26
Maria Clara Farias,antony71@uol.com.br,681.717.031-22,1996-12-08
Ravi Lucca Aparecida,vargasana-julia@gmail.com,160.583.503-57,1961-09-11
Luiza Barbosa,xsantos@ig.com.br,765.758.932-13,1966-02-24
Luna Fonseca,vitor-hugo13@ig.com.br,402.839.734-44,1998-09-17
Maitê Nascimento,gustavocarvalho@ig.com.br,794.605.395-80,2001-09-02
Gustavo Dias,aparecidalavinia@bol.com.br,083.670.940-95,1970-09-12
Antony da Cunha,camaraalexandre@gmail.com,613.804.225-21,1989-03-13
Luna Pimenta,rborges@yahoo.com.br,186.404.769-18,2005-06-08
Jade Aparecida,usilva@ig.com.br,640.050.522-50,1973-06-30
Gabriela Rezende,novaislunna@gmail.com,672.899.404-36,1983-11-15
Bernardo Ramos,mouraian@uol.com.br,262.285.622-07,1996-06-11
Fernando Pacheco,camila71@yahoo.com.br,265.206.130-84,1990-07-08
Esther Lopes,npacheco@yahoo.com.br,666.476.282-76,1997-04-25
Emanuella Ferreira,guerraravi-lucca@ig.com.br,068.889.161-81,1993-12-13
Ana Vitória Pimenta,da-mataarthur@yahoo.com.br,263.652.071-93,1993-11-18
Sarah Cassiano,correiajose@ig.com.br,199.009.883-78,1996-12-14
Kevin Duarte,cunhahadassa@ig.com.br,216.490.459-74,1970-02-20
Allana Cavalcante,fnascimento@ig.com.br,201.536.864-83,1991-10-19
Melina Câmara,isabellycunha@bol.com.br,264.251.047-75,1978-02-18
Srta. Fernanda Silva,pietra88@gmail.com,761.350.376-75,1999-03-26
Dra. Esther Oliveira,matteo84@ig.com.br,023.507.080-01,1976-03-20
Dr. Augusto da Mata,borgesisabella@ig.com.br,040.994.487-48,2000-04-17
Caroline Câmara,nogueiraalexia@ig.com.br,458.476.226-82,1995-11-02
Enzo Siqueira,urios@hotmail.com,985.790.298-66,1970-01-16
Srta. Laís Ramos,xrodrigues@yahoo.com.br,549.043.517-38,1996-03-31
Eloá Vargas,jesusnoah@bol.com.br,636.840.030-38,1962-04-08
Théo Gonçalves,pintobeatriz@bol.com.br,293.305.707-65,1986-11-24
Luísa Moreira,isis94@yahoo.com.br,236.381.769-47,1990-03-24
Gustavo Henrique da Conceição,nascimentonicolas@hotmail.com,868.742.159-72,1970-07-20
João Pacheco,erodrigues@yahoo.com.br,589.475.555-92,1972-03-11
Srta. Ana Lívia Andrade,novaessofia@yahoo.com.br,517.301.712-92,1961-04-17
Hadassa da Mata,luiz-miguelazevedo@uol.com.br,954.416.637-18,1964-04-26
Sr. Arthur da Mota,lgoncalves@ig.com.br,293.382.368-47,1959-08-06
Pietro Casa Grande,milenaabreu@yahoo.com.br,579.057.975-69,1976-12-15
Matheus Correia,luigialmeida@yahoo.com.br,043.734.767-18,1996-04-26
Valentim Caldeira,ada-mota@bol.com.br,754.987.480-26,1997-05-01
Vitor Oliveira,guilhermearagao@bol.com.br,673.637.032-60,2002-01-04
Luiz Henrique Rocha,peixotoluara@bol.com.br,835.105.230-31,1992-04-10
Heitor Cavalcanti,mendoncakaique@hotmail.com,970.920.280-63,1989-06-01
Emanuella Pereira,dnunes@uol.com.br,320.293.179-72,2002-02-03
Bárbara Melo,maria-juliasilva@hotmail.com,306.123.888-95,1965-02-11
Clara Campos,matheus97@yahoo.com.br,692.315.616-34,1962-07-11
Jade Marques,jvieira@bol.com.br,595.365.799-72,1970-02-16
Maitê da Costa,caio96@hotmail.com,111.469.288-30,1991-10-08
Alice Moraes,nascimentolucca@hotmail.com,618.045.679-29,1982-06-15
Liam Dias,ana-laurapacheco@ig.com.br,017.759.385-29,1999-06-09
Sra. Anna Liz Sá,gvasconcelos@uol.com.br,821.534.124-82,1962-11-30
João Miguel da Conceição,andradehellena@gmail.com,323.391.290-26,1975-12-21
Sophie Andrade,qcardoso@bol.com.br,192.257.262-74,1984-02-15
Srta. Ana Carolina Martins,lucas-gabriel60@yahoo.com.br,485.901.803-17,1974-03-07
Diego Ribeiro,vargasjulia@gmail.com,631.095.392-31,1977-08-03
Raquel Jesus,antonyaraujo@uol.com.br,812.018.922-57,1995-03-02
Rebeca Costa,levifreitas@gmail.com,589.242.408-44,1976-05-11
Lucas Gabriel Sales,ana-laurada-mata@yahoo.com.br,618.916.924-90,1985-05-21
Pietro Rezende,wda-conceicao@uol.com.br,342.401.676-78,1989-08-12
Ian Pimenta,eduarda41@uol.com.br,144.278.636-88,2007-01-15
Ísis Sá,luccaleao@hotmail.com,524.651.665-97,2002-12-14
Matteo Sá,souzabenicio@gmail.com,779.033.011-58,1989-10-18
Benicio da Costa,cecilia40@hotmail.com,940.768.181-27,2000-09-30
Alana Aparecida,lauraoliveira@hotmail.com,910.434.955-85,1975-10-21
Mateus Borges,hrodrigues@gmail.com,921.973.743-19,1973-07-02
Sr. Rhavi da Paz,emacedo@ig.com.br,346.859.534-30,1960-02-26
Isabela Barbosa,cunhadiogo@hotmail.com,872.241.898-87,1997-09-06
Brayan Machado,lizribeiro@yahoo.com.br,563.319.866-37,1987-12-27
Marcela Carvalho,umelo@yahoo.com.br,685.967.140-41,1990-09-28
Paulo Almeida,cavalcanticarolina@uol.com.br,179.408.833-14,1989-02-12
Arthur Fernandes,giovannacamargo@uol.com.br,283.849.699-17,1982-02-11
João Lucas Moura,luiz-otavio06@hotmail.com,265.491.173-95,1985-05-14
Benicio Lopes,maria-luiza68@gmail.com,338.925.898-44,1992-08-26
Miguel Alves,carlos-eduardo75@yahoo.com.br,815.506.747-77,2000-03-07
Dr. Samuel Costela,heitor77@yahoo.com.br,762.673.140-48,1967-11-27
Alexandre da Mata,alexiacardoso@yahoo.com.br,586.939.271-69,1976-09-02
Sophie Câmara,cauamontenegro@hotmail.com,913.480.412-28,1980-05-11
Gustavo Henrique Moreira,pastorliam@bol.com.br,793.961.908-05,1979-08-19
Srta. Bruna Ribeiro,piresthomas@gmail.com,817.202.243-89,1995-11-12
Brayan da Paz,qcasa-grande@hotmail.com,817.260.727-05,1978-10-26
Dr. Benjamin Rezende,martinslorena@bol.com.br,672.785.243-95,1964-02-06
Pedro Henrique Fonseca,henry-gabriel91@uol.com.br,904.082.081-68,1971-05-29
Rodrigo Sampaio,agatha76@hotmail.com,158.056.387-67,1967-09-22
Pedro Lucas Brito,xdas-neves@ig.com.br,832.107.075-70,1995-07-15
Ana Sophia Moreira,vargasana-laura@uol.com.br,308.798.172-66,1979-09-15
Lucas Castro,ksampaio@ig.com.br,503.408.549-34,1961-04-15
Sra. Larissa Nascimento,psousa@hotmail.com,353.353.838-17,1985-01-24
Sara Porto,ogarcia@bol.com.br,244.016.036-04,1969-06-14
Dr. Oliver Casa Grande,aurorada-paz@bol.com.br,052.102.973-73,1997-05-30
Dra. Melina Pimenta,ana-beatriz61@bol.com.br,803.081.085-46,2006-01-03
Beatriz Cardoso,antonypeixoto@hotmail.com,204.035.514-60,1973-08-29
Benício Lopes,portooliver@ig.com.br,955.768.277-49,1996-09-15
Pedro Lucas Cunha,bribeiro@gmail.com,567.818.872-41,2006-08-14
Vitor Gabriel Alves,ksales@hotmail.com,165.155.625-30,2000-01-28
Vinicius Lima,vargasagatha@uol.com.br,867.930.065-83,1974-11-03
Maitê da Cunha,eloah42@bol.com.br,175.214.484-13,1995-11-25
Josué Ramos,ssilveira@bol.com.br,128.594.634-92,1974-12-27
Ana Sophia Rodrigues,fvasconcelos@ig.com.br,372.570.250-12,1999-01-21
Pedro Brito,maria-luisa08@yahoo.com.br,783.124.019-09,1964-02-04
Dr. João Lucas Moraes,santosdanilo@ig.com.br,507.095.961-02,2000-10-30
Davi Miguel Lima,fsouza@yahoo.com.br,696.704.682-70,1964-12-12
Srta. Isabella Albuquerque,pteixeira@gmail.com,585.041.603-03,1964-12-28
Sr. Ravi Castro,nathan22@yahoo.com.br,550.277.333-08,1967-07-10
Marcelo Ferreira,melohelena@uol.com.br,664.756.414-15,1971-11-18
Benjamim Barbosa,fonsecaisaque@uol.com.br,903.130.523-48,1978-06-11
Sra. Caroline da Conceição,guerrapedro-lucas@ig.com.br,493.321.766-54,1970-05-29
Laís Montenegro,ryan74@yahoo.com.br,966.357.968-76,1967-05-04
Sr. Marcelo Farias,vda-rocha@uol.com.br,949.999.748-36,1969-07-03
Luísa Moreira,ferreiraraquel@bol.com.br,757.069.468-99,2006-09-28
Liz Vasconcelos,luiz-gustavomonteiro@ig.com.br,307.656.508-13,1982-08-08
Nicolas Melo,cassianoluiz-otavio@ig.com.br,780.243.892-97,2005-08-08
Kaique Vasconcelos,pribeiro@uol.com.br,348.040.367-88,1990-03-22
Thales Guerra,vieirajoaquim@hotmail.com,404.414.180-27,1986-08-09
Melissa Lopes,palmeida@uol.com.br,917.796.709-30,1977-12-12
Dra. Eduarda Ramos,vitoria87@ig.com.br,855.233.042-13,1994-04-26
Mirella Casa Grande,anthony-gabriel97@hotmail.com,494.641.384-68,1963-10-14
Heitor Cavalcanti,mathiasmelo@bol.com.br,714.106.855-88,1973-02-18
Noah Azevedo,rebecasousa@hotmail.com,168.173.163-96,1978-03-29
Juliana Pereira,agathapimenta@hotmail.com,127.696.121-40,1994-02-08
Sra. Ayla Lopes,da-pazvicente@yahoo.com.br,898.240.730-49,1985-01-21
Kamilly Lopes,pereirajosue@yahoo.com.br,641.807.272-17,1991-04-03
Eloah Silveira,anna-liz99@gmail.com,917.037.908-76,1976-01-28
Maria Laura Montenegro,fogacamaria-laura@gmail.com,296.703.311-57,1963-05-25
Ana Sophia Fernandes,pedro-lucasfernandes@hotmail.com,011.240.448-72,2004-04-09
Arthur Miguel da Rocha,rporto@gmail.com,876.234.673-25,1989-10-29
Milena Ferreira,qduarte@uol.com.br,021.706.858-35,1967-02-04
Cecilia da Paz,ycampos@uol.com.br,316.031.785-05,1985-07-29
Dr. Rafael Barbosa,agatha99@gmail.com,018.224.966-15,1968-07-08
Srta. Ana Beatriz Albuquerque,ravi-lucca26@gmail.com,596.636.393-76,1976-02-27
Srta. Eloah Souza,mendoncamelina@uol.com.br,487.673.323-40,1969-01-08
Carolina Caldeira,luna29@uol.com.br,148.878.680-43,1982-08-10
Ana Luiza Teixeira,oliverteixeira@ig.com.br,876.448.669-47,1981-09-22
José Camargo,mendoncapedro-lucas@uol.com.br,436.526.042-78,1998-01-15
Théo Fonseca,maria-luiza97@uol.com.br,187.697.024-01,1984-02-02
Srta. Raquel Garcia,fernando56@gmail.com,887.068.241-89,1994-04-12
João Vitor Câmara,theomarques@yahoo.com.br,918.890.739-31,1989-04-24
Kamilly Monteiro,vteixeira@uol.com.br,632.268.330-21,1977-04-21
Isaac Gonçalves,wsales@bol.com.br,192.643.501-67,1983-07-06
